序号,题目,A,B,C,D,答案,类型
1,举重时运动员为什么搓白粉？,使手变的粗糙,吸取手上的汗,刺激肌肉,保护皮肤,B,体育
2,非洲国家边界按什么划分的最多？,直线或曲线的几何方法,经线或纬线,河流、山脉等自然地貌,民族,B,地理
3,举重比赛的级别是按：,按杠铃重量划分,按体重划分,按年龄划分,按性别划分,B,体育
3,一站到底51453道题库地址是哪里？,www.52yzdd.com,,,,A,常识
4,问仓储超市与其它超市最大的不同点是什么：,铺房简陋,储售场地合一,随进随卖,需要库房,B,常识
5,18世纪德国贵族热衷于收集并定制各种树木做的“木头书”，以木头做成的盒子，盒面用树皮制作，你知道盒子里面都用来装什么？,书籍,与情人来往的信件,首饰,树叶、果实等,D,地理
6,鸵鸟受到惊吓或敌害时可能会：,把头埋进沙子里,将脖子平贴地面，紧缩身体,把全身都埋进沙子里,会将头低垂到与地面平行，羽毛竖起,D,自然
7,最早制造香水瓶所用的原料是：,陶瓷,玻璃,石膏,铜瓶,C,常识
8,持有哪种“伤残证书”，可在乘坐火车时享受购票减价待遇？,革命伤残军人证,公安人员残废证,革命工作人员残废证,参战民兵残废证,A,常识
9,最早的四冲程内燃机用的是什么燃料？,酒精,煤气,汽油,柴油,B,物理
10,下面哪一种熨烫衣服的方法是不正确的？,熨之前在衣服上喷一些水,尽可能长时间地熨,掌握合适的温度,在衣服和熨斗之间垫一块湿布,B,常识
11,一站到底51453道题库地址是哪里？,www.52yzdd.com,,,,A,常识
11,冻疮是由于皮肤哪一部分受损而引起的？,毛囊,汗腺,竖毛肌,毛细血管,D,自然
13,世界上最大的宫殿是：,故宫,白宫,爱丽舍宫,克里姆林宫,A,地理
14,我国曲艺中的相声是：,北方曲种,南方曲种,,,A,常识
15,世界上最靠北的首都是：,斯德哥尔摩,莫斯科,雷克亚未克,哥本哈根,C,地理
16,反映波兰作曲家肖邦生平的美国影片是：,《翠堤春晓》,《一曲难忘》,《音乐之声》,《雨中曲》,B,文学
17,除法律另有规定或合同另有约定外，保险合同成立后，谁有权解除合同？,投保人,保险人,被保险人,受益人,A,政治
18,国际奥委会为感谢萨马兰奇对奥林匹克运动的贡献，发行了一枚名为《感谢主席先生》的： ,邮票,邮折,纪念封,纪念币,C,政治
19,古代女子成年行什么礼？,冠礼,笄礼,,,B,历史
20,给折枝山茶花保鲜应该用什么？,淡盐水,醋酸,硼酸,稀盐酸,A,化学
21,樟脑丸的主要成分是：,樟脑,对二苯,萘,二氯苯,C,化学
,,,,,,,
23,声音在哪里传播更快？,空气中,水中,,,B,物理
24,农历把每月初一叫做什么日？,朔日,望日,,,A,常识
25,铁锅通常用哪种铁制成？,生铁,熟铁,,,A,物理
26,消防队救火：,收费,不收费,收取部分费用,,B,常识
27,文学史上魔幻现实主义流派的代表人物是：,卡夫卡,扎米亚京,马尔克斯,拉尔斯·吉伦斯坦,C,文学
28,戛纳电影节在哪国举办？,法国,意大利,英国,德国,A,文学
29,烤全羊烤的是：,山羊,羚羊,绵羊,黄羊,C,常识
,,,,,,,
29,一站到底51453道题库地址是哪里？,www.52yzdd.com,,,,A,常识
30,哪种病人不宜饮茶？,心血管疾病,急性胃肠炎,溃疡病,肾衰竭,C,化学
31,音乐界所说的大小施特劳斯：,是父子关系,不是父子关系,,,A,音乐
32,仰韶文化是我国历史上哪个时代中期的文化？,旧石器,新石器,青铜器,铁器,B,历史
33,刮痧是我国民间传统的简易治疗方法，对吗？,对,不对,,,A,常识
34,小儿生长发育最快的时期是：,围产期,新生儿期,婴儿期,幼儿期,C,常识
35,感光胶片中的全色片是一种：,黑白感光片,彩色感光片,,,A,物理
36,传统彩瓷“素三彩”之所以称“素”是因不用：,绿色,黄色,红色,黑色,C,常识
37,“龙井茶叶，虎跑水”。虎跑泉的水很有趣，装满一杯水后，轻轻地放进一粒小石子，水就会高出杯面，可是它却不溢出来，好象覆盖着一个无形的杯盖。泉水为什么不溢出来？ ,泉水比纯水的表面张力大,泉水比纯水的表面张力小,,,A,物理
38,蒙古首都乌兰巴托的意思是：,繁荣的城市,红色英雄,没有水的城市,苏联联邦,B,地理
39,债券与股票的区别是什么？,债券风险小、收益稳定、股票风险大、收益高,债券持有的时间长，股票持有的时间短,,,A,常识
40,火腿中有“南腿”之称的是：,苏北火腿,金华火腿,榕峰火腿,宣威火腿,B,常识
,,,,,,,
42,“六一居士”是谁的别号？,欧阳修,唐伯虎,柳亚子,苏曼殊,A,文学
43,“隔着门缝看人”时，看到的人：,比原来扁了,和原来一样,,,B,常识
44,影响电视图象的主要污染因素是,大气污染,噪声污染,电磁辐射污染,灰尘污染,C,地理
45,一个细胞一小时分裂三个，9小时可以把一个容器装满，多少时间使分裂的细胞装到容器的1/9。,5小时,6小时,7小时,8小时,C,常识
46,一般来说，在发生通货膨胀时，靠固定工资生活的人：,生活水平会下降,生活水平会提高,,,A,政治
47,有记录的世界上飞翔距离最远的是什么鸟？,印度天鹅,波罗的海鱼鸥,北极燕鸥,尖尾雨燕,C,自然
,,,,,,,
49,俗称的“黑管”是哪种木管乐器？,单簧管,双簧管,巴松,萨克斯,A,音乐
50,世界上最长的山脉是：,比利牛斯山,喜马拉雅山,安第斯山,乞力马扎罗山,C,地理
51,《福尔摩斯探案集》里的“苏格兰场”在：,苏格兰,英国,爱尔兰,纽芬兰,B,文学
52,以下哪些果实是核果？,樱桃,银杏,石榴,核桃,A,常识
53,热带鱼一般生活在：,咸水中,淡水中,,,B,自然
54,猫在哪个国家内受到严格保护？,古埃及,古印度,古希腊,古罗马,A,地理
55,《本草纲目》的作者是,孙思邈,李时珍,,,B,文学
56,人的唾液是舌头分泌的，对吗？,对,错,,,B,自然
57,苏伊士运河属于哪个国家？,以色列,巴勒斯坦,约旦,埃及,D,地理
58,世界上第一辆摩托车其主要材料是：,塑料,木头,铁皮,自行车,B,历史
59,亚硝胺是食品中致癌的因素，但是可以多吃什么来抑制人体对亚硝胺的吸收和合成？,鱼子酱,火腿,大白菜,花生,C,化学
60,“山外青山楼外楼”在原诗《题临安邸》中的下句是：,强中自有强中手,西湖歌舞几时休,平明送客楚山孤,碧水东流至此回,B,文学
61,中国最热的地方在哪里？,吐鲁番盆地,南沙群岛,,,A,地理
62,水在摄氏多少度时密度最大？,零下10度,0度,4度,8度,C,物理
63,太阳系中最大的行星是: ,土星,木星,火星,海王星,B,天文
64,居住在蒙古与内蒙古地区的民族联合，并自称“蒙古”，起于何时？,耶律亿,成吉思汗,,,B,地理
65,“腊八粥”最早起源于：,祭祀,民间庆祝丰收的风俗,佛教,,C,历史
66,委托人所确定的拍卖标的的保留价是成交的最高价吗？,是,不是,,,B,政治
67,中国古建筑学科的开拓者是：,鲁班,梁思成,杨廷玉,童寓,B,历史
68,杜鹃鸟不做窝，她把蛋下到其他鸟的鸟巢里对吗？,对,不对,,,A,自然
69,亚欧大陆桥欧洲的终点站是：,鹿特丹,阿姆斯特丹,,,A,地理
70,空手道的禁忌是：,用脚,用肘,出击触及对方身体,,C,体育
71,按照公司法规定，股份有限公司发起人的股份在公司设立几年内不能转让？,半年,1年,2年,3年,D,政治
72,举重比赛中，最重的杠铃片是：,蓝色的,绿色的,红色的,黄色的,C,体育
73,我国是什么时候采用公历的？,鸦片战争时期,辛亥革命时期,建国前夕,建国后,C,历史
74,“驸马”最初是指：,给皇帝养马的人,官名,给皇帝牵马的人,马的名字,B,历史
75,古希腊哪个国家的儿童一出世就要受到严格挑选，体质弱的会被抛之荒野？,雅典,斯巴达,,,B,历史
76,纯羊绒的含绒量在：,51%以上,70%以上,95%以上,,C,常识
77,中国古代哪个学派的主张，与绿色和平组织的思想相近？,儒家,法家,佛家,道家,D,历史
78,西游记中去西天取经的“唐三藏”的真名是：,玄慈,玄明,唐僧,玄奘,D,文学
79,血液中的红细胞可以活：,7天,120天,一生,,B,自然
80,国际通用的航海速度用“节”表示，一“节”为：,0.925公里/小时,1.152公里/小时,1.852公里/小时,2.152公里/小时,C,地理
81,电池上通常标有R55、R5、等符号，R代表：,电池的形状,电池的含电量,电池的尺寸大小,酸性或碱性电池的标志,A,常识
82,在下列哪一年Internet网延伸入中国？,93年,94年,95年,96年,B,历史
83,金星上会看到“旭日西升”吗？,对,不对,,,A,天文
84,冬季奥运会如何计算届次？,4年1次，如因故不能举行，届数照算,4年1次，以实际举办次数计算,,,B,体育
85,下列天体中，距离地球最近的恒星是：,太阳,比邻星,月球,,A,天文
86,地球公转速度为每秒：,10公里,20公里,30公里,,C,地理
87,几个人以上共同故意犯罪被称为共同犯罪。,2个,3个,5个,10个,A,政治
88,世界名画《和平鸽》的创作者是,毕加索,凡高,,,A,文学
89,《春秋》是按什么记事的？,年,国,事件,,A,文学
90,奥运五环旗中的绿色环代表：,美洲,欧洲,澳洲,亚洲,C,体育
91,用微波炉煮荷包蛋时要用牙签在蛋清、蛋黄上扎孔主要是为了什么？,容易入味,防止爆裂,受热均匀,煮熟得快,B,常识
92,“歌棚”是哪个民族的习俗？,傣族,苗族,壮族,京族,C,旅游
93,正规围棋比赛的棋盘大小是：,13乘13,15乘15,19乘19,21乘21,C,体育
94,景泰蓝的表层用金丝，彩釉装饰，用什么做胎?,铜,铁,锡,,A,常识
95,有“钢琴诗人”之称的是：,贝多芬,海顿,莫扎特,肖邦,D,文学
96,“总角之交”是指：,顽童之交,少年之交,中年之交,忘年之交,B,文学
97,通常情况下，中秋节晚上的月亮总是比第二天晚上的月亮亮吗？,是,不是,,,B,天文
98,茶叶的含水量高于8%会导致什么后果？,茶叶味道更好,发生霉变,,,B,化学
99,马头琴是我国哪一民族的拉弦乐器？,蒙古族,维吾尔族,,,A,旅游
100,五子棋段位制最高为：,一段,六段,九段,十段,C,体育
101,下面哪种炊具对人体健康最有益？,不锈钢锅,铁锅,铝锅,沙锅,B,物理
102,在劳动合同中写有“发生工伤事故责任自负”的条款，是否具有法律效力？,有,没有,,,B,政治
103,郭沫若的诗集是：,《死水》,《野草》,《女神》,《红烛》,C,文学
104,按有关法律规定，经营者可以从事的抽奖式有奖销售，最高奖的奖金额的限度是：,五千元人民币,五万人民币,一百万人民币,五百万人民币,A,政治
105,水族姑娘出嫁后要完成的第一件事是：,挑柴,挑水,挑米,,B,旅游
106,英语“文化”一词原意是指：,勤奋,耕作,用餐,小说,B,文学
107,我们日常的主食基本上属于什么食物？,酸性食物,碱性食物,中性食物,半酸半碱食物,A,化学
108,我国古代称生什么为“弄瓦”？,男孩,女孩,第二个孩子,,B,文学
109,小儿没爬就会走了，好吗？,好,不好,,,B,常识
110,下列哪种人最适宜坚持慢跑？,肺病,肝病,心脏病,,C,常识
111,可以用厚纸做容器来把水烧开吗？,可以,不可以,,,A,常识
112,太阳光经三棱镜折射后，形成色带，将温度计的水银泡涂黑，放到光带上，从紫端向红端移动，温度计指示的温度将不断：,升高,降低,,,A,物理
113,蕴藏石油最丰富的半岛是：,亚平宁半岛,小亚细亚半岛,阿拉伯半岛,,C,地理
114,受委托代理销售房屋的房地产中介机构除有工商执照外还应有：,营业执照,税务登记,资质证书,,C,政治
115,下列战役中，被陈毅元帅称作“人民群众用小车推出来的”是：,淮海战役,平津战役,辽沈战役,,A,历史
116,公元前594年，实行“初税亩”，按亩收税的国家是：,楚国,鲁国,郑国,魏国,B,历史
117,最耐日晒的织品是哪一种？,苎麻,腈纶,羊毛,涤纶,B,常识
118,古语“朵颐”中的“颐”是指：,耳垂,手腕,面颊,,C,文学
119,“华表”又叫做 ,表木,讷木,,,A,文学
120,蝴蝶发现花蜜靠：,眼看,前足沾,嗅觉闻,嘴尝,B,自然
121,破产企业甲曾与乙企业共同出资合办一法人企业丙，则甲出资投入丙的财产：,应作为破产财产,不应作为破产财产,,,A,政治
122,冬泳时，在下水之前饮用白酒可以御寒吗？,可以,不可以,,,B,常识
123,走私、贩卖、运输、制造多少克毒品是犯罪行为？,无论数量多少,海洛因50克以上,,,A,常识
124,电度表上的一度电表示耗电量为：,1百瓦*小时,1千瓦*小时,1瓦*小时,,B,物理
125,汉字“廿”是表示：,十,二十,,,B,文学
126,国际奥林匹克集邮联合会在哪一国家成立？,瑞士,希腊,西班牙,,A,体育
127,欧洲第一个使用印刷机的民族是：,爱尔兰人,冰岛人,丹麦人,意大利人,B,地理
128,“一狐之腋”比喻：,微小的事物,珍贵的事物,有气味的事物,,B,文学
129,“户枢不蠹”的“不蠹”是什么意思？,不损耗,不生虫,,,B,文学
,,,,,,,
131,行驶在支路的轿车A未让行驶在干路的轿车B导致两车在路口相撞，则：,轿车A负主要责任,双方各负一半责任,轿车A负全部责任,,C,政治
132,照相机不能拍摄到人眼看不到的星星吗？,对,不对,,,B,物理
133,防风林要达到最好的防风效果，应由：,5―10行树组成,10行以上树组成,,,B,地理
134,空腹跑步有利健康吗？,有利,不利,,,B,常识
135,《阿里山的姑娘》是哪个少数民族的家人？,苗族民歌,彝族民歌,高山族民歌,黎族民歌,C,音乐
136,南岳衡山的最高峰是：,天都峰,祝融峰,莲花峰,,B,地理
137,以下哪一位曾被称为“药王”？ ,孙思邈,张仲景,李时珍,扁鹊,A,历史
138,我国的“诗圣”指的是：,李白,杜甫,李贺,,B,文学
139,以下哪一作法不利于新生儿更多地看到玩具？,把玩具悬挂在孩子头的正上方,使光线变暗些,把玩具与孩子眼睛的距离控制在20cm,,A,常识
140,樱桃白兰地是用樱桃作原料酿制的，对不对？,对,不对,,,A,化学
141,小明把一个中央有圆孔的铜垫片加热，他发现中央的圆孔,变大,变小,不变,,A,物理
142,青蛙除了用肺外还用什么器官呼吸？,肌肉,皮肤,脾脏,肝脏,B,自然
143,否决权最初的语义是：,我禁止,这是不对的,,,A,文学
144,钻石最大的产出国是：,南非,巴西,扎伊尔,,C,地理
145,第一次鸦片战争发生的时间是：,1839年3月,1840年6月,1841年1月,,B,历史
146,按国家规定，机关新录用的本科毕业生，在试用期基本月工资为：,295元,315元,330元,375元,C,政治
147,起诉虐待案件应是什么部门受理：,人民检查院,人民法院,公安机关,民政机关,B,政治
,,,,,,,
149,下列不适用《产品质量法》的有：,建设工程,加工品,消费品,制作品,A,政治
150,清洁的空气中含有多少氧？,21%,31%,41%,,A,物理
151,20公里以上的竞走比赛，一般每隔多少公里设置饮食供给站？,3公里,5公里,7公里,10公里,B,体育
152,以下哪一个是联合国安理会常任理事国之一？,澳大利亚,德国,意大利,法国,D,政治
153,世界上生产玉米最多的国家是：,中国,日本,美国,英国,C,地理
154,世界最早的公用电话亭是在：,银行内,公园内,商店内,电话公司内,D,历史
155,发生在北京卢沟桥的历史事变名叫？,华北事变,戊戌政变,七七事变,皖南事变,C,历史
156,歌剧《茶花女》谁的作品？,威尔第,普契尼,比才,瓦格纳,A,文学
157,世界上第一家麻将博物馆坐落在：,中国,日本,法国,印度,B,历史
158,蜜蜂中的“蜂王”是：,雌蜂,雄蜂,,,A,自然
159,《史记》是：,纪传体通史,编年体通史,,,A,文学
160,馒头是谁发明的？,李冰,诸葛亮,曹操,,B,历史
161,预防颈椎病，下列哪种方法是错误的？,低枕睡眠,睡软床,按摩颈部肌肉,注意颈部旋转屈伸活动,B,自然
162,隋唐时期的官制中尚书省分为吏，户，礼，兵，刑，工六部，其中的礼部是掌管：,规定礼仪，监督和教育官员和百姓懂得礼仪,掌管国家的典章法度，祭祀，学校，科举和接待四方宾客等事务,,,B,历史
163,我国宪法的监督权属于：,国务院,全国人大,全国人大常委会,全国人大法律委员会,C,历史
164,长颈鹿的颈椎数和狗的颈椎数目一样多吗？,一样,不一样,,,A,自然
,,,,,,,
166,报道中有时会看到关于“UFO”的报道，UFO是指不明飞行物，对吗？,对,不对,,,A,常识
167,我们在电塔附近听到的嗡鸣声是：,变压器发出的,电线发出的,人耳的错觉,,B,物理
168,根据宪法规定，土地使用权可以依据法律的规定：,出租,买卖,转让,遗赠,C,政治
169,我国的“冰城”是指哪一城市？,吉林市,哈尔滨,辽阳市,牡丹江,B,地理
170,在苹果树修剪合理的情况下，果实着色最好的部位应处于,树北侧上方,树南侧上方,树北侧下方,树南侧下方,B,自然
171,自行车的红色尾灯只是个装饰品吗？,是,不是,,,B,常识
172,古诗云：洞庭天下水，岳阳天下楼。岳阳楼在哪座湖上？,太湖,洞庭湖,,,B,文学
173,下列影片中，以歌颂少数民族新生活为题材的是：,《李双双》,《洞箫横吹》,《柳堡的故事》,《达吉和她的父亲》,D,文学
174,“三明治”的命名与什么活动有关？,骑马,打猎,打牌,,C,文学
175,下面的通讯社哪个属于美国？,新华社,美联社,,,B,地理
176,搪瓷器皿是否越重越好？,是,不是,,,B,物理
177,辣椒在植物分类中，是属于,椒科,茄科,,,B,自然
178,美术作品<<开国大典>> 是一幅：,国画,水粉画,水彩画,油画,D,文学
,,,,,,,
180,电鳗是一种鳗鱼吗？,是,不是,,,B,自然
181,世界最深的洼地是：,地中海,死海,红海,黑海,B,地理
182,泥娃娃“大阿福”的老家是：,江苏无锡,江西景德镇,浙江杭州,浙江龙泉,A,地理
183,人走路时摆动双臂主要是为了：,减少能量消耗,校正头部位置,平衡走路姿势,加快行走速度,C,常识
184,鲨鱼用什么呼吸？,肺,鳃,,,B,自然
185,在江浙一带最流行的地方戏曲是：,越剧,黄梅戏,京剧,昆曲,A,地理
,,,,,,,
187,婴儿出生时啼哭意味着婴儿开始有：,呼吸,听觉,视觉,味觉,A,自然
188,在地球上，极光是高纬度地区特有的景观，对不对？,对,不对,,,A,地理
189,被称为“三苏”的北宋文学家父子中的父亲是 ,苏洵,苏轼,苏辙,苏舜钦,A,文学
190,少年韩寒中学肄业却出了一本叫做《三重门》的书，这本书的体裁是：,散文,小说,,,B,文学
,,,,,,,
192,韭菜是一种什么类型的植物？,一年生草本,多年生草本,二年生草本,,B,自然
193,世界上目前产量最大、应用最广泛的电池是：,蓄电池,湿电池,锌锰干电池,,C,地理
194,我国最著名的热水湖是哪一个？,西藏羊八井,新疆罗布泊,内蒙古呼伦湖,,A,地理
195,新加坡经济发展较快的主要原因是：,自然条件好,劳动力资源丰富,地理位置优越,,C,地理
196,最早设计的轮椅有几个轮子？,两个,三个,四个,,B,常识
197,骆驼有双层眼睫毛。,对,不对,,,A,自然
198,象征主义诗歌的开山鼻祖是,荷马,莎士比亚,福克纳,艾略特,D,文学
199,寒潮将至的时候，蜘蛛会：,大量吐丝结网,不再吐丝结网,,,A,自然
200,国家公务员制度起源于？,美国雇员制,法国议会制,英国文官制,德国武官制,C,政治
201,为什么笛卡儿指着一筐兔子说，那是他的书？,那是他的宠物,家族图腾,提倡观察,他是经验主义者,C,文学
202,“东床快婿”原本是指：,司马相如,赵明诚,诸葛亮,王羲之,D,文学
203,电影界“百花奖”的主办单位是：,《大众电影》杂志社,中国电影家协会,,,A,文学
204,阿诗玛是我国云南哪个民族塑造的艺术形象？,彝族,瑶族,白族,苗族,A,旅游
205,陆地水中储量最大的水体是：,地下水,江河水,冰川水,湖泊水,C,地理
206,美国1787年宪法规定，解释宪法的权力在：,众议院,参议院,最高法院,总统,C,历史
207,多快的速度才能使卫星环绕地球运行?,大于11.2千米/秒而小于16.4千米/秒,大于7.9千米/秒而小于11.2千米/秒,大于16.4千米/秒而小于18.2千米/秒,大于7.9千米/秒而小于16.4千米/秒,B,天文
208,世界上地势最低的国家是：,芬兰,冰岛,挪威,荷兰,D,地理
209,亚洲首次举办奥运会是哪一届？,16届,17届,18届,19届,C,体育
210,依据中国法律规定，机动车靠边停车时应：,开左转向灯,开右转向灯,,,B,常识
211,路透社是哪个国家的通讯社？,美国,英国,俄国,法国,B,地理
212,国家住宅电气标准中规定，两居室的固定插座数量为？,6个,8个,10个,12个,D,物理
213,著名的“响尾蛇”空对空导弹是采用：,雷达制导系统,红外线制导系统,激光制导系统,,B,科技
214,王某明知李某制造毒品但仍为其提供制造毒品的原料，按何罪论处？,以非法贩卖制毒物品罪论处,以非法提供毒品罪论处,以制造毒品罪的共犯论处,以制造毒品罪论处,C,政治
215,为什么麻雀经常在地上蹦来蹦去，而燕子很少下地活动？,燕子怕冷,燕子怕脏,燕子在空中觅食,,C,自然
216,哪一区域是我国最大的商品性大豆和出口大豆生产基地？,东北,华北,,,A,地理
217,小提琴有几根弦？,2根,3根,4根,6根,C,音乐
218,“休克疗法”本是医学术语，后被引入哪一领域？,经济,政治,文学,体育,A,文学
219,我国的集装箱长、宽、高哪个是一定的？,长,宽,高,,B,常识
220,“寸草春晖”是比喻父母恩情难以报答，它出自唐朝哪位诗人的诗句？,李白,杜甫,孟郊,,C,文学
221,我国足协评出千禧年足球先生张恩华是以什么身份获得这项殊荣的？,前锋,中锋,后卫,,C,常识
222,勾股定理中，较长的直角边叫做：,“股”,“勾”,“弦”,,A,科技
223,按照我国合同法的规定，当事人对合同变更的内容约定不明确时：,推定自始没有订立合同,视为合同解除,推定为未变更,视为合同自始未成立,C,政治
224,会飞的蝙蝠属于：,兽类,鸟类,,,A,自然
225,俗称“长生果”是指：,花生,腰果,核桃,,A,文学
226,世界上第一颗爆炸的原子弹的名字是？,瘦子,胖子,男孩,女孩,A,天文
227,下列选项不属于国家领土的是：,领陆,领水,外层空间,底土,C,地理
228,我国商业性发射通讯卫星最多的运载火箭是：,长征二号,长征二号丙,长征三号,长征三号甲,B,科技
229,内蒙古草原上的芨芨草最高可达：,1.5米,2米,,,B,地理
230,熊猫的交配多采用：,一夫多妻制,一妻多夫制,多夫多妻制,,C,自然
231,政府属于现代市场经济条件下的市场主体吗？,不属于,属于,,,B,政治
,,,,,,,
233,金丝燕初次做的窝我们把它叫做：,毛燕窝,白燕窝,血燕窝,燕根,B,自然
234,京剧中4指全扣向掌心，唯独伸直大拇指的指法叫：,剑诀指,怒指,英雄指,称赞指,C,文学
235,造成煤气中毒的气体是：,一氧化碳,二氧化碳,,,A,化学
236,在“夸父逐日”中，“夸父”是怎样追逐太阳的？,驾车,奔跑,飞行,骑马,B,文学
237,哥特式建筑的代表作是：,比萨大教堂,巴黎圣母院,圣彼得大教堂,圣日维涅大教堂（巴黎万神庙）,B,地理
238,我国于1958年制出第一台电子管计算机，它的运算速度为每秒？,两千次,两万次,二十万次,二百万次,A,电脑
239,我国最后修建铁路的省区是：,西藏,新疆,贵州,,A,地理
240,不能用开水煎中药的原因是：,开水会杀死植物性中药的有效细胞,开水会使蛋白质和淀粉凝结,开水不能和中药溶和,,B,物理
241,根据《企业破产法》，参加债权人会议的全体成员都享有表决权吗？,是,不是,,,B,政治
242,最早芭蕾舞出现于：,杂技团,宫廷,学校,戏团,B,历史
243,各国国籍法对国籍的取得有不同的规定，我国人在外国结婚，同时取得该国国籍，那他的中国国籍会怎样？,可以备档作保留,会自动丧失,仍然保留,,B,政治
244,依照宪法规定中华人民共和国主席，副主席都缺位的时候由全国人民代表大会补选。在补选以前应由谁暂时代理主席职位？,国务院总理,全国人民代表大会常务委员会委员长,,,B,政治
245,鲜啤酒就是通常所说的：,生啤酒,熟啤酒,,,A,常识
246,鱿鱼又叫,乌贼,章鱼,枪乌贼,,C,自然
247,2002年大学生运动会的吉祥物是只,扬子鳄,白暨豚,金丝猴,,A,体育
,,,,,,,
249,2001年1月8日起，在广深线投入正式运营的“蓝箭”列车的时速是：,160公里,200公里,,,B,科技
250,撒尿小孩铜像坐落于,纽约,布鲁塞尔,哥本哈根,意大利,B,地理
251,房主李某虽已与侄子签订正式的房屋赠与合同，侄子并已入住，但尚未办理过户手续，李某能否收回房屋？,能,不能,,,A,政治
252,“春风不度玉门关”是谁的诗句？,李白,杜甫,李清照,王之涣,D,文学
253,科学家受哪种动物的启发，研制出能使潜艇长时间航于冰海之下后能破冰上浮的机构?,鲨鱼,鲸,海狮,,B,科技
254,我国的原油加工能力居世界第几位？,第一,第二,第三,第四,D,地理
255,世界上最早种植棉花的国家是,中国,印度,,,B,地理
256,“六书”指的是：,六本书,一本书,造字方法,,C,文学
257,一朵向日葵花能结多少葵花籽？,成百上千个,一个,,,B,自然
258,储存期较长的啤酒是哪种啤酒？,生啤酒,熟啤酒,,,B,常识
259,“成也萧何，败也萧何”说的是谁的经历？,刘邦,张良,韩信,项羽,C,文学
260,古诗的体制称为“风雅颂”，其中“颂”是指：,地方民歌,王朝正声,宗庙乐歌,,C,文学
261,2002年初原长城公司的CDMA业务被移交给了哪一家公司？,中国移动,中国联通,中国电信,中国网通,B,科技
,,,,,,,
263,从飞行员的位置来看，红色航行灯总是装在,飞机的头部,飞机的机尾,飞机的左翼尖,飞机的右翼尖,C,常识
264,西欧农奴没有以下哪种权利义务？,向封建主交纳地租,向教会交纳什一税,为封建主服劳役,定期服兵役,D,地理
265,可以用来制造锅钮、铝壶或烧锅的提手柄的是,赛璐珞,聚乙烯塑料,电木,,C,常识
266,法律规定的劳动者可以随时通知用人单位解除劳动合同的情形不包括：,在试用期内的,用人单位以暴力、威胁或者非法限制人身自由的手段强迫劳动的,工作满3年的,用人单位未按照劳动合同约定支付劳动报酬或者提供劳动条件的,C,政治
267,肥皂有“软硬”之分，它取决于：,含油量,含碱量,含酸量,,B,化学
268,睡觉时若希望更凉爽，可用：,竹席,草席,,,A,常识
269,2000年奥运会上，撑竿跳高所用“竿”的质地是：,竹,玻璃纤维,木,金属,B,体育
270,在云南，湖泊习惯上被称为：,淀,泊,泽,海,D,地理
271,我国第一所民办高等教育机构哪年建立？,1982,1985,1988,1992,A,历史
272,毒蛇的毒牙一般长在：,上颚,下颚,,,A,自然
273,乘客在车辆行驶中，不得将什么伸出车外,头部,手和脚,身体的任何部分,,C,常识
274,猫头鹰在猎物过于逼近自己时往往会先：,往前跃,往后跃,,,B,自然
275,根据公交部《关于修改道路交通事故等级划分标准的通知》规定，重伤三人以上十人以下的事故为？,轻微事故,一般事故,重大事故,特大事故,C,政治
276,红烧菜肴为什么放白糖？,呈色、提香,弥补苦味,,,A,常识
277,最初在文学中三部曲：,只有悲剧没有喜剧,只有喜剧没有悲剧,只有议论文没有小说,只有小说没有,A,文学
278,电脑硬盘是磁盘还是光盘？,磁盘,光盘,,,A,电脑
279,人如果倒立着喝水：,喝不进去,水会从鼻中流出,和站着喝水效果一样,,C,常识
280,如果一双鞋按现在统一标准是26号，则它相对应的老鞋号是：,39,40,41,42,D,常识
281,海明威的小说《丧钟为谁而鸣》是以哪次战争为历史背景的？,西班牙内战,第一次世界大战,美西战争,,A,文学
282,中国民间为什么要吃腊八粥？,迎接春节,纪念释迦牟尼,纪念小寒来临,,B,旅游
283,生态危机与人类的哪个习惯关系最密切？,懒惰,遗忘,浪费,贪吃,C,常识
284,花岗岩属于哪一类岩石？,火成岩,沉积岩,变质岩,,A,地理
285,“杵臼交”多用来指不计身份而结交的朋友。这里的“杵臼”在古代是用来做什么的？,捣米,打水,磨面,榨油,A,文学
286,好莱坞位于美国什么州：,加利福尼亚州,纽约州,,,A,地理
287,清光绪年间曾对邮票有一种非常特殊的称谓，请问当时叫什么？,老人头,小孩头,,,A,历史
288,“画龙点睛”的传说中被点睛的龙会：,飞走,扭动,眨眼,,A,文学
289,古时代，地中海沿岸地区以一种豆角树上的一部分作为计量黄金重量的测量标准。请问：其所用的是豆角树的哪一部分？,树根,豆夹,花朵,豆仁,D,物理
290,牙膏的泡沫是越多越好吗？,是,不是,,,B,常识
291,世界上最深的湖是: ,苏必利尔湖,里海,贝加尔湖,,C,地理
292,质量单位千克等于国际千克原器的质量，这个原器由：,铂金制成,黄金制成,铂铱合金制成,铝制成,C,物理
293,我国最早提出创建监狱的人是：,皋陶,李斯,,,A,历史
294,“初出茅庐”中的“茅庐”本意是指谁的的住处？,诸葛亮,司马迁,司马光,刘备,A,文学
295,下列鱼中，对水中的氧气含量要求最高的是：,海水冷水鱼,淡水冷水鱼,淡水热带鱼,海水热带鱼,D,自然
296,大汶口文化遗址在我国的：,山东,河南,,,A,地理
297,“文过饰非”中“文”是指：,做文章,掩饰,听，同“闻”,,B,文学
298,司机小王交通违章满12分，通过学习后，他应接受：,交规和相关知识考试,道路驾驶考试,交规和相关知识以及道路驾驶考试,4年级,C,政治
299,一般天气的变化发生在：,对流层,平流层,,,A,地理
300,设立股份有限公司，应有几个以上发起人？,3个,5个,2个,7个,B,政治
301,一站到底51453道题库地址是哪里？,www.52yzdd.com,,,,A,常识
301,某显示器分辨率为640*480，则其水平分辨率为：,640点,480点,,,A,电脑
302,早期人类家庭的进步，与哪种事业关系最密切？,狩猎,捕鱼,造房,饲养,C,历史
303,挑选虾米时应挑选身体：,弯曲的,挺直的,,,A,自然
304,某女在离婚后发现前夫现在居住的房屋是在与其离婚前买的，离婚时，他们分割的共同财产并不包括这所房子。某女对此房屋：,可以向法院提起诉讼，再次分割夫妻共有财产,已办理离婚手续，房屋归前夫所有,,,A,政治
305,中国农业银行发行的信用卡是：,长城卡,金穗卡,牡丹卡,龙卡,B,政治
306,茅盾小说的代表作是：,《虹》,《子夜 》,《春蚕》,《蚀》,B,文学
307,根据有关规定，职工的试用期最长不得超过：,3个月,6个月,一年,两年,B,政治
308,一个帝王陵区只有一个主神道，一般修在谁的陵前？,第一个埋葬者,年龄最大者,统治时间最长者,国力最昌盛者,A,历史
309,含有花青素的植物叶子呈红色，它是用花青素进行光合作用的吗？,不是,是,,,A,自然
310,下列属于哺乳动物的是?,恐龙,蝙蝠,文昌鱼,麻雀,B,自然
311,机动车辆在草原上行驶时，有固定公路线的，不得离开公路线行驶，对吗?,对,不对,,,A,政治
312,在我国，判例有没有法律约束力？,有,没有,,,B,政治
313,《钢铁是怎样炼成的》作者是谁？,马雅可夫斯基,奥斯特洛夫斯基,,,B,文学
314,公司的年度检验在每年的何时进行？,2月1日至4月30日,1月1日至1月30日,1月1日至4月30日,1月1日至3月30日,C,政治
315,请问“法律”最早出现于哪个社会？,原始社会,奴隶社会,封建社会,资本主义社会,B,历史
316,会计师事务所要成为负有限责任的法人，条件之一是注册资本须：,不少于10万元,不少于20万元,不少于30万元,不少于40万元,C,政治
317,135照相机的“135”指的是什么？,相机型号,胶卷型号,胶卷编号,,C,常识
318,宪法规定公民有受教育的：,权利,义务,权力和义务,权利和义务,D,政治
319,欧元什么时候正式诞生？,1999年1月1日,1999年7月1日,1999年12月1日,,A,历史
320,按图索骥中的“骥”本意指的是：,马,一个叫骥的人,牛,,A,文学
321,旗袍是根据哪个民族的服装发展而来的？,蒙古族,藏族,满族,,C,旅游
322,目前观测到的距地球最近的一颗恒星位于：,织女座,仙女座,天琴座,半人马座,D,天文
323,左脑损伤可能导致：,失语症,空间定向障碍,,,A,自然
324,下列电影中，哪一部是由达利和布努艾尔共同导演的：,一个国家的诞生,处女泉,安达鲁的狗,党同伐异,C,文学
325,古人说的“酢”指的是今天的：,酱油,豆油,醋,酒,C,文学
326,举办过夏季奥运会次数最多的国家是那一个国家？,英国,希腊,美国,意大利,C,体育
327,北京圆明园由哪三园构成？,圆明、长春和万春,圆明、清漪和谐趣,,,A,地理
328,“红杏枝头春意闹”属于：,通感,夸张,烘托,象征,A,文学
329,所有的公司在设立时都要经过审批,是,不是,,,B,政治
330,巴林在东半球的哪个地区？,东南亚,波斯湾,红海,澳洲,B,地理
331,之所以把鸽子喻为象征和平安宁源于：,圣经故事,世界和平大会的会徽图案,民歌<<鸽子>>,,A,地理
332,当你面朝南时，左面是：,东,西,,,A,常识
333,我国国防系统最高学府是下列哪所大学？,清华大学,北京航空航天大学,北京大学,国防大学,D,政治
334,玉米受潮后产生的致癌物质是：,黄曲霉毒素,氯霉素,,,A,化学
335,民用挂锁的保密度是由互开率表示的，一般最高不超过：,百分之三,千分之十,千分之三,,C,物理
336,菜刀生锈，除锈的方法最好用：,用水洗,用干布擦拭,用洗涤精擦洗,用切开的葱头擦拭,D,化学
337,下列门窗中，保温、耐火、防水、防腐、隔音效果最好的是：,木门窗,钢门窗,铝合金门窗,塑钢门窗,D,物理
338,《新人口论》的作者是哪国人？,中国人,英国人,美国人,,A,文学
,,,,,,,
340,行星仪的作用是:,测量距离的仪器,确定方位的仪器,测试轨道的仪器,表示行星在轨道上运行的仪器,D,天文
341,在什么条件下柿子才可以结冰？,零摄氏度,高于零摄氏度,低于零摄氏度,,C,物理
342,为什么白种人的头发大多是金黄色的？,头发中铜元素多,头发中铁元素多,头发中钛元素多,头发中钼元素多,C,化学
343,市场经济条件下市场发育和运行的目标一般是形成：,卖方市场,有限的买方市场,有限的卖方市场,无限的买方市场,B,政治
344,成语“秦失其鹿”中的鹿是指什么？,一名大将,一只梅花鹿,皇帝之位,,C,文学
345,“孤帆远影碧空尽“的下一句是什么？,万里黄河绕黑山,惟见长江天际流,春风不度玉门关,白云千载空悠悠,B,文学
346,任意停放车辆属下列哪类违章？,车辆检验违章,车辆行驶违章,车辆装载违章,车辆驾驶违章,B,政治
347,“泾渭分明”指的是：,织物经纬线区别,地球经纬度分明,泾水混，渭水清,泾水清，渭水浊,C,文学
348,发射第一颗人造卫星的国家是：,前苏联,美国,,,A,天文
349,樱桃是樱花的果实吗？,是,不是,,,A,自然
350,北极星处于天空中的：,大熊星座,小熊星座,,,B,天文
351,老李除了一个痴呆儿子外，只有外孙子小李一个亲人，小李有赡养外祖父的法定义务吗？,有,没有,,,A,政治
352,港澳回归后，寄往该地区信函费用是否和国内其它地区相同？,相同,低于其它地区,高于其它地区,,C,地理
353,人体最可能肥胖的部位是：,背部,肚子,上臂,,B,自然
354,红色霓虹灯里填充的气体是：,氢,氖,氮,氧,B,化学
355,现存关于遗嘱继承的最早的法规产生于：,汉代,唐代,宋代,元代,B,历史
356,世界上第一个国际电影节是：,柏林国际电影节,威尼斯电影节,戛纳电影节,,B,文学
357,被称为“命运交响曲“的是贝多芬的：,第三交响曲,第五交响曲,第九交响曲,第六交响曲,B,音乐
358,含羞草会开花吗？,会,不会,,,A,自然
359,母亲节那天为了表示对母亲的敬意，子女要佩戴什么花：,郁金香,石竹花,兰花,康乃馨,D,常识
360,世界水日是哪一天?,3月23日,4月23日,5月23日,6月23日,A,历史
361,有人认为消费者通常有购买惰性，只要厂商努力推销，消费者就会购买或大量购买。这种观念会促使厂商做什么？ ,产品更新研究,推销研究,提高产品质量,,B,政治
362,从事有害作业的小李接受职业性健康检查时占用了工作时间，能否算正常出勤？,能,不能,,,A,政治
363,“息壤”是谁用来治水的法宝？,鲧,李冰,禹,,A,文学
364,鱼有心脏吗？,有,没有,,,A,自然
365,世界上共有四个国中之国，以下哪一个不是？,梵蒂冈,圣马力诺,汤加,摩纳哥,C,地理
366,谁是“中山装”的创始人？,黄隆生,孙中山,汪精卫,黄兴,B,历史
367,“琴棋书画”中的“棋”指：,象棋,围棋,古代象棋,国际象棋,B,文学
368,爱因斯坦说自己的成功秘诀是：x+y+z=A，A表示成功，x表示艰苦劳动，y表示正确方法，z表示什么？,先天禀赋,少说空话,虚心好问,科学态度,B,文学
369,已发现的绕太阳运行的彗星大约有多少个？,1个,160个,1600个,,C,天文
370,月亮金字塔坐落在哪里？,斯里兰卡,马尔代夫,埃及,墨西哥,D,地理
371,《阳关三叠》是甚么时候的琴曲？,汉代,隋唐,宋元,明清,B,历史
372,不同的塑料组成有很大差异，但主要原料都是：,环氧化合物,合成树脂,石蜡,聚氯乙烯,B,物理
373,WNBA代表什么? ,美国男子职业篮球赛,美国大学生篮球赛,美国女子职业篮球赛,,C,体育
374,北京等地四合院的大门一般是开在哪个角上？,东南角,西南角,东北角,西北角,A,地理
375,最早的纸币源于:,中国,美国,苏联,,A,历史
376,成语“跋前疐后”形容的是哪种动物：,狗,狼,狐狸,,B,自然
377,在戏曲舞台上，有的角色手执马鞭行而不舞，是象征：,骑马,牵马而行,,,B,文学
378,海龟上岸产卵会选择：,新月或满月的时候,半月的时候,中午时分,,A,自然
,,,,,,,
380,“才自精明志自高”是《红楼梦》中对谁的判词？,元春,熙凤,宝钗,探春,D,文学
381,红糖呈现红色是因为：,白糖染上了红色,原糖未脱色,,,B,常识
382,计算机的运算过程，实际上是对几个数码，按照一定的逻辑规则并进行判断和转换的过程？,1个,两个,四个,无数个,B,电脑
383,人体消化道中最长的器官是：,大肠,小肠,,,B,自然
384,安徒生童话《海的女儿》里，小美人鱼变成人是为了见到谁？,渔夫,王后,王子,,C,文学
385,貂熊又被称为“飞熊”。是因为什么？,奔跑速度,尾巴,,,B,自然
386,哪个城市被称作“草原钢城“？,呼和浩特,包头,,,B,地理
387,角抵戏为什么要头戴野兽面具？,源自对狩猎活动的模仿,为了热闹,装饰,不容易碰伤头,A,文学
388,《天演论》是我国近代哪位著名的思想家翻译的？,魏源,梁启超,严复,胡适,C,文学
389,小王欲将1500美元现钞汇到国外用于劳务支出，应：,直接到银行办理,由外管局审核后到银行办理,由海关审核后到银行办理,,A,政治
390,第一届世界杯足球赛是在哪里举办的？,乌拉圭,墨西哥,阿根廷,意大利,A,体育
391,以下哪件事是《水浒》中梁山好汉武松所为？,倒拔垂杨柳,汴京城卖刀,醉打蒋门神,,C,文学
392,在失重情况下，蜡烛燃烧时的火焰是：,泪滴状,蚕豆形,椭圆形,球形,D,物理
393,消防队除了负责灭火之外，还负责其它救援工作，以下哪一项不属于他们的工作范围？,山崩,车祸,台风,平定骚乱,D,常识
394,下列成语中，有错别字的是：,黄粱美梦,再接再厉,按部就班,破斧沉舟,D,文学
395,被称作东方威尼斯的是：,杭州,苏州,,,B,地理
396,我国能生产磁悬浮客车吗？,能,不能,,,A,科技
397,电影《刘三姐》是反映-什么民族的生活故事？,壮族,黎族,瑶族,苗族,A,文学
398,海南岛是我国的第几大岛？,第一大岛,第二大岛,第三大岛,,B,地理
399,《掷铁饼者》是什么时期的作品？,文艺复兴时期,古希腊时期,古罗马时期,资产阶级革命时期,B,文学
400,印度的国鸟是,云雀,绿孔雀,,,B,地理
401,婴儿一般在多大时添加辅助食品比较好？,2、3个月,5、6个月,7、8个月,9、10个月,B,自然
402,产于福建的名茶是,白茶,龙井茶,黑茶,,A,地理
403,公制度量衡最初是由哪国人提出的？,英国人,法国人,美国人,德国人,B,地理
404,月球地球转一周与其自转一周的时间相比：,要长些,要短些,一样长,,C,天文
405,《嘎达梅林》是哪个民族的叙事歌曲？,维吾尔族,哈萨克族,蒙古族,达斡尔,C,音乐
406,我们可以用高粱酿造啤酒吗？,对,错,,,B,常识
407,合伙企业申请营业执照时下列哪项不是必须提交的？,申请书,合伙协议,合伙人身份证明,合伙人出资证明,D,政治
408,规模较小的有限责任公司，可以不设董事会吗？,可以,不可以,,,A,政治
409,“食色，性也”是谁说的？,孟子,孔子,,,A,文学
410,有一尊青铜镀金像，其造型是一位手握长剑、屹立在一盘电影胶片上的健美勇士，它是：,金棕榈奖,奥斯卡金像奖,金熊奖,金狮奖,B,文学
411,人参的主要产地在：,西藏,东北,,,B,地理
412,“明镜高悬”的前身是：,汉镜高悬,唐镜高悬,秦镜高悬,,C,文学
413,古代著名的水利工程都江堰是谁设计的？,大禹,李冰父子,,,B,历史
414,属于儒家思想的是,仁者爱人,无为而治,法不阿贵,兼爱、非攻,A,文学
415,我国法律承认双重国籍吗？,承认,不承认,,,B,政治
416,我国小说史上第一部长篇讽刺小说是：,聊斋志异,儒林外史,钟馗捉鬼传,,B,文学
417,鳄鱼是哺乳动物。,对,不对,,,B,自然
418,我国最大的内陆咸水湖是: ,洪泽湖,太湖,鄱阳湖,青海湖,D,地理
419,凯旋门的建造是为了纪念：,戴高乐,路易十三,拿破仑,,C,地理
420,下列影片中，反映抗日战争时期革命斗争的是：,《野火春风斗古城》（1943）,《南征北战》（1947）,《渡江侦察记》（1949）,《战火中的青春》（1947）,A,文学
421,男子竞技体操项目不包括：,单杠,鞍马,纵跳马,高低杠,D,体育
422,“惊天动地”作为成语，原本是形容：,火药发明的作用,唐太宗驾崩的消息,李白诗文的影响力,,C,文学
423,“祸起萧墙”的“萧墙”是家中的哪一堵墙？,门墙,后院墙,东墙,西墙,A,文学
424,猫用什么方式洗脸？,互舔　对方的脸,用自己的舌头舔,在软物体上蹭,用前脚蘸口水擦,D,自然
425,世界上最后进入元旦的是：,斐济,西萨摩亚群岛,汤加,,B,地理
426,吸烟不会引起心脏病，对吗？,对,错,,,B,常识
427,小王面对远处一座峭壁高喊一声，1秒钟后听到回声，请问小王离峭壁有多远？,340米,170米,85米,42.5米,B,物理
428,真丝衣服能不能与樟脑丸放在一起？,能,不能,,,B,物理
429,镁、铝、镁铝合金谁的熔点低？,镁,铝,镁铝合金,不一定,C,物理
430,蒸馏酒源于中国古代的：,炼丹术,造纸术,印刷术,,A,历史
431,太阳的年龄约有多大？,30亿岁,50亿岁,80亿岁,100亿岁,B,天文
432,火车机车的发明者是：,瓦特,史蒂芬逊,,,B,科技
433,成语“卑以自牧”中“牧”指的是：,放牧,放松,养性,,C,文学
434,我国古代用生铁炼钢主要采用生铁脱碳法，要反复加热，同时要送一种什么气体？,二氧化碳,氧气,氢气,二氧化硫,B,化学
435,易卜生曾写过：,《玩偶之家》,《尤里西斯》,,,A,文学
436,因纳税人、扣缴义务人计算等错误，未缴或少缴税款的，税务机关的追征期最长为：,3年,5年,8年,10年,D,政治
437,“冬天到了，春天还会远吗”语出：,席勒,雪莱,歌德,舒婷,B,文学
438,糖尿病人能喝茶吗？,可以,不可以,,,A,化学
439,以郁金香而闻名世界的“欧洲花园”是：,英国,法国,荷兰,,C,地理
,,,,,,,
441,麋鹿被称为“四不象”。它们中的哪种性别长有鹿角？,雄性,两种都长,雌性,,B,自然
442,“沧海桑田”的沧海应是：,东海,南海,黄海,渤海,A,文学
443,1903年，美国莱特兄弟驾驶着自己设计制造的飞机进行了一次划时代的飞行，成为航空史上的里程,“小男孩”号,“爱国者”号,“飞行者”1号,“莱特兄弟”1号,C,科技
444,下列对清明两代“乡试”考试地点解释正确的是：,在本乡,在各县县城,在各省省城,在京城书院,C,历史
445,我国哪族妇女有嚼槟榔的习惯？,黎族,苗族,白族,布依族,A,旅游
446,陆军棋有多少枚棋子？,50,60,40,70,A,体育
447,“粉刺”就是,疥疮,痤疮,疣,,B,常识
448,以下哪一个不是伦敦名胜?,托威尔城堡,白金汗宫,威斯敏斯特教堂,卢浮宫,D,地理
449,我国古代哪位文学家曾两度到杭州做官？,欧阳修,杜甫,白居易,苏轼,D,历史
450,下列行星中，卫星最多的是：,水星,地球,土星,,C,天文
,,,,,,,
452,著名英雄史诗《江格尔》是我国哪个民族的作品？,维吾尔族,藏族,蒙古族,满族,C,文学
453,人类最先使用的制造器具的金属是：,铁,银,铜,铅,C,物理
454,人体内易于疲劳的肌肉是：,平滑肌,心肌,骨骼肌,,C,自然
455,下列哪种植物不能在一块地连续种植？,水稻,亚麻,西瓜,马铃薯,C,自然
456,不是《诗经》分类方法的是：,风,雅,赋,颂,C,文学
457,抗战时期，“八路军”下辖3个师和一个直属队，刘伯承在：,115师,120师,129师,直属队,C,历史
458,纳税人所在地为县城，城市维护建设税的税率为：,7%,5%,1%,0.50%,B,政治
459,就体裁而言，正史都是：,纪传体史书,编年体史书,纪事本末体史书,典志体史书,A,文学
460,桃子属于什么种类水果？,仁果类,核果类,复果类,,B,自然
461,火山喷发时大量岩浆喷涌而出，岩浆作用的发源地是：,地壳,上地幔,下地幔,地核,B,地理
462,涮羊肉起源于,清朝,元朝,,,B,历史
463,“打假”获赔要交纳个人所得税吗？,需要,不需要,,,B,政治
464,手心和大腿相比，汗腺比较多的部位是：,手心,大腿,,,B,自然
465,蜘蛛大量吐丝结网预示着：,天要转晴,天要下雨,,,A,自然
466,我国最早的字典是：,《说文解字》,《康熙字典》,《辞海》,,A,文学
467,目前人类已知的最软的石头是：,磷灰石,石膏,方解石,滑石,D,历史
468,杜甫的诗《江南逢李龟年》中的李龟年是哪个朝代的人？,唐朝,宋朝,明朝,,A,文学
469,马铃薯的薯块是,根,茎,,,B,自然
470,中国在国际货币基金组织中属于：,观察员,正式成员,准成员,非成员,B,政治
471,下面哪类证券公司可以从事证券自营业务？,综合类证券公司,经纪类证券公司,,,A,政治
472,INTERNET的中文名称是：,因特网,以太网,令牌环网,计算机网,A,电脑
473,下列山脉中，既是地势阶梯分界，又是省区界线的是：,巫山,天山,长白山,武夷山,A,地理
474,世界上最狭长的国家是：,智利,俄罗斯,加拿大,巴西,A,地理
475,《思想者》是谁的雕塑作品？,罗丹,罗曼·罗兰,罗素,,A,文学
476,佛教庙宇群——悬空寺，建在哪座山下： ,衡山,恒山,泰山,嵩山,B,地理
477,“紫毫”是用什么动物的毛做成的毛笔？,黄鼠狼,兔,羊,,B,常识
478,汉白玉是什么：,一种名贵的石头,一种玉,,,A,常识
479,在高速公路上行驶的机动车辆如果遇到能见度小于50米的大雾，最高时速不得超过多少？,20公里,25公里,30公里,35公里,A,常识
480,穿什么颜色的衣服的人更容易挨蚊子叮？,黑色,白色,,,A,常识
481,阿里山是一座山吗？,是,否,,,B,常识
482,旅客办理的行李包裹托运，铁路行李房应该送货上门吗？,应该,不应该,,,B,旅游
483,标志中国法制向半殖民地半封建法制过渡和确立的法律是：,《大清律》,《大清新刑法》,《六法全书》,《中华民国约法》,C,政治
484,称为我国岭南四大名果之一、古人叫它“长腰黄果”的是：,柑橙,菠萝,香蕉,,C,旅游
485,“临风舒四翼，映水作双身”描写的是:,蜻蜓,燕子,蝴蝶,,A,文学
486,“加农炮”的“加农”是音译词，意为：,坦克,低射,炮,,C,文学
487,我们什么时候能看到更多的流星？,上半夜,下半夜,,,B,天文
488,某人去年买一股票跌了20%，问今年需上涨多少才能保持原值？,20%,24%,25%,,C,政治
489,有“五海三洲之地”之称的是,西亚,南亚,中亚,东亚,A,地理
490,海龟是,两栖动物,爬行动物,哺乳动物,,B,自然
491,人体最大的细胞是：,卵细胞,小脑颗粒细胞,神经细胞,,A,自然
492,以下三种材料中最耐腐蚀的是：,聚四氟乙烯,不锈钢,陶瓷,,A,化学
493,进行京剧表演的戏院，在清朝最早叫：,茶园,梨园,剧院,剧场,A,文学
494,公安交通管理部门对机动车驾驶员实施交通违章记分管理办法适用于下列哪一项？,全国的机动车驾驶员,北京的机动车驾驶,部分特大城市的机动车驾驶员,,A,政治
495,“马拉松赛跑”是为了纪念公元前490年希腊战士菲迪皮跑步报捷累死的故事，请问他报捷跑步的路线是？,从雅典到马拉松,从马拉松到雅典,,,B,体育
496,形容动物的鸣叫常用一个字表示，狼的叫声应该用：,吼,啸,嘶,嗥,D,文学
497,ISO14000认证是哪一方面的认证?,商业,交通,环保,能源,C,常识
498,哈雷慧星的最早记录是哪国人留下的？ ,埃及人,希腊人,中国人,波斯人,C,历史
499,别名“詹氏车钩”的火车自动挂钩：,是詹天佑发明的,不是詹天佑发明的,,,B,科技
,,,,,,,
501,“期期艾艾”这个典故讲的是西汉的周昌和西晋的邓艾两个人说话时的什么毛病？,罗嗦,好骂人,口吃,好说谎,C,文学
502,雨后阳光下有时会出现彩虹，雨后的月光下：,不会出现彩虹,也可能出现彩虹,,,B,物理
503,山东山西的“山”是指：,泰山,太行山,沂蒙山,恒山,B,地理
504,有一道野味菜叫做“清蒸飞龙”，飞龙是指：,花尾火鸡,花尾榛鸡,花尾雪鸡,花尾斑鸠,B,常识
505,下列哪项属于行政法律关系？,民政局小王和小李结婚,公安局逮捕张某,赵某违章驾车，交警对其罚款50元,,C,政治
506,一听可口可乐的净含量是：,350ml,325ml,355ml,300ml,C,常识
507,自控能力过分不足，注意力无法集中是什么儿童的主要表现：,超常儿童,天才儿童,多动症儿童,早熟儿童,C,常识
508,2001年2月，我国几位科学家被授予国家最高科学技术奖？,1位,2位,3位,4位,B,科技
509,有限责任公司的有限责任是指：,公司的股东仅以出资额为限对公司的债务负责,公司仅对债务负有限责任,公司经理对公司债务负有限责任,公司对其债务不负责任,A,政治
510,下列哪一个不是我国的领海？,黄海,东海,北海,渤海,C,地理
511,海河是扇形水系吗？,是,不是,,,A,地理
512,一个标准的足球，它的周长大概有：,50-60cm,60-70cm,70-80cm,,A,体育
513,政治中所提到的“南南合作”是指发展中中国家之间的经济合作，对吗？,对,不对,,,A,政治
514,在联合国维持和平与安全方面有权采取行动的机关是：,联合国大会,联合国安理会,秘书处,国际法院,B,政治
515,著名的哈雷彗星命名源于：,地名,人名,,,B,天文
516,胡萝卜呈黄色是因为含有,胡萝卜素,叶黄素,,,B,化学
517,狗的鼻尖为什么经常是湿乎乎的？,滋润嗅觉细胞的分泌物,经常喝水而弄湿的,鼻子怕冷而冻出来的,经常用唾液清洗,A,自然
517,一站到底51453道题库地址是哪里？,www.52yzdd.com,,,,A,常识
518,七大洲中面积第二的是：,非洲,亚洲,欧洲,北美洲,A,地理
519,符号“&“的中文意思是：,的,也,和,但,C,电脑
520,雄狮每天的大部分时间用来：,捕杀猎物,在领地里巡视,睡觉,,C,自然
